case_slug,slice,input_name,input_domain,linkedin_url
rebrand_source_row_1,rebranded_or_domain_changed,"Envirotech Vehicles, Inc.",evtvusa.com,https://www.linkedin.com/company/evirotechvehicles
rebrand_source_row_10,rebranded_or_domain_changed,Del Monte Corporation,freshdelmonte.com,https://www.linkedin.com/company/delmontecorporation
rebrand_source_row_13,rebranded_or_domain_changed,Current,current.co,https://www.linkedin.com/company/current-advisors
rebrand_source_row_16,rebranded_or_domain_changed,Airspeed,goairspeed.com,https://www.linkedin.com/company/go-airspeed
rebrand_source_row_17,rebranded_or_domain_changed,Kinisla,kinisla.com,https://www.linkedin.com/company/kinislagroup
rebrand_source_row_18,rebranded_or_domain_changed,SimplyPMG,simplypmg.com,https://www.linkedin.com/company/simplypmg
rebrand_source_row_21,rebranded_or_domain_changed,Lucen Software,lucensoftware.com,https://www.linkedin.com/company/lucen-software
rebrand_source_row_22,rebranded_or_domain_changed,Clarevia Ventures,clarevia.com,https://www.linkedin.com/company/clarevia
rebrand_source_row_23,rebranded_or_domain_changed,ClearOpx,clearopx.com,https://www.linkedin.com/company/clearopx
rebrand_source_row_27,rebranded_or_domain_changed,SugarAI,sugarai.com,https://www.linkedin.com/company/sugarcrm
rebrand_source_row_30,rebranded_or_domain_changed,enGene,engene.com,https://www.linkedin.com/company/engene
rebrand_source_row_31,rebranded_or_domain_changed,BlueDolphin,bluedolphin.io,https://www.linkedin.com/company/bluedolphinhq
rebrand_source_row_35,rebranded_or_domain_changed,Tempo Innovations,tempoenergy.com,https://www.linkedin.com/company/tempoinnovations
rebrand_source_row_36,rebranded_or_domain_changed,Brickwork GTM,brick.work,https://www.linkedin.com/company/brickwork-gtm
rebrand_source_row_37,rebranded_or_domain_changed,Agility Robotics,agilityrobotics.com,https://www.linkedin.com/company/agilityrobotics
rebrand_source_row_39,rebranded_or_domain_changed,Blackboard,blackboard.com,https://www.linkedin.com/company/blackboardco
rebrand_source_row_40,rebranded_or_domain_changed,Fifty5Blue,fifty5blue.com,https://www.linkedin.com/company/fifty5blue
rebrand_source_row_42,rebranded_or_domain_changed,Elumn8 Medical (formerly Simpson Interventions),elumn8.com,https://www.linkedin.com/company/elumn8-medical
rebrand_source_row_47,rebranded_or_domain_changed,RPX Gold Inc. (TSX-V: RPX   OTCQB: RDEXF),rpxgold.com,https://www.linkedin.com/company/rpxgold
rebrand_source_row_48,rebranded_or_domain_changed,Covista,covista.com,https://www.linkedin.com/company/covista-official
rebrand_source_row_49,rebranded_or_domain_changed,Glancy Prongay Wolke & Rotter LLP,glancylaw.com,https://www.linkedin.com/company/glancy-prongay-wolke-rotter-llp
rebrand_source_row_50,rebranded_or_domain_changed,Evolve Private Wealth,evolveprivatewealth.com,https://www.linkedin.com/company/evolveprivatewealth
rebrand_source_row_51,rebranded_or_domain_changed,Nakamoto,nakamoto.com,https://www.linkedin.com/company/nakamotoinc
rebrand_source_row_52,rebranded_or_domain_changed,SER Group,doxis.com,https://www.linkedin.com/company/sergroup
rebrand_source_row_53,rebranded_or_domain_changed,CWILL,cwill.com,https://www.linkedin.com/company/cwill
rebrand_source_row_54,rebranded_or_domain_changed,Dynamic Core Capital Partners,dynamiccorecapital.com,https://www.linkedin.com/company/dynamiccorecapital
rebrand_source_row_55,rebranded_or_domain_changed,CMA,thecmagroup.com,https://www.linkedin.com/company/cma-advisors-group
rebrand_source_row_56,rebranded_or_domain_changed,Definium Therapeutics,definiumtx.com,https://www.linkedin.com/company/definiumtherapeutics
rebrand_source_row_58,rebranded_or_domain_changed,Orion Digital,orion-digital.com,https://www.linkedin.com/company/oriondigitalcorp
rebrand_source_row_6,rebranded_or_domain_changed,Manago AI,manago.ai,https://www.linkedin.com/company/managoai
rebrand_source_row_60,rebranded_or_domain_changed,Vaiire,vaiire.com,https://www.linkedin.com/company/vaiire
rebrand_source_row_61,rebranded_or_domain_changed,Asbury Advanced Materials,asbury.com,https://www.linkedin.com/company/asbury-advanced-materials
rebrand_source_row_62,rebranded_or_domain_changed,ENvue Medical,envuemed.com,https://www.linkedin.com/company/envuemedical
rebrand_source_row_63,rebranded_or_domain_changed,The Rock-It Company,rockitcompany.com,https://www.linkedin.com/company/therockitcompany
rebrand_source_row_65,rebranded_or_domain_changed,Everforth,everforth.com,https://www.linkedin.com/company/everforth
rebrand_source_row_66,rebranded_or_domain_changed,"USA TODAY Co., Inc.",usatodayco.com,https://www.linkedin.com/company/usatodayco
rebrand_source_row_67,rebranded_or_domain_changed,BNB Plus,adnas.com,https://www.linkedin.com/company/bnb-plus-corp
rebrand_source_row_69,rebranded_or_domain_changed,Nextpower,nextpower.com,https://www.linkedin.com/company/nextpowerinc
rebrand_source_row_70,rebranded_or_domain_changed,Ladder Bio Inc.,ladderbio.com,https://www.linkedin.com/company/ladderbio
rebrand_source_row_72,rebranded_or_domain_changed,Optimum,optimum.com,https://www.linkedin.com/company/optimum
rebrand_source_row_73,rebranded_or_domain_changed,bohan Advertising,artistsandoutlaws.com,https://www.linkedin.com/company/bohan
rebrand_source_row_77,rebranded_or_domain_changed,Innovative Aerosystems,iascorp.com,https://www.linkedin.com/company/innovative-aerosystems
rebrand_source_row_80,rebranded_or_domain_changed,Marsh Risk,marsh.com,https://www.linkedin.com/company/marshrisk
rebrand_source_row_81,rebranded_or_domain_changed,Calira,calira.co,https://www.linkedin.com/company/calira
rebrand_source_row_83,rebranded_or_domain_changed,Reflect Health,reflecthealth.com,https://www.linkedin.com/company/reflect-health-solutions
rebrand_source_row_84,rebranded_or_domain_changed,Huwise,huwise.com,https://www.linkedin.com/company/huwise
rebrand_source_row_85,rebranded_or_domain_changed,TIC Solutions,ticsolutions.com,https://www.linkedin.com/company/ticsolutions
rebrand_source_row_86,rebranded_or_domain_changed,Q/C Technologies,qctechnologies.com,https://www.linkedin.com/company/qctechnologiesqcls
rebrand_source_row_87,rebranded_or_domain_changed,Luciq,luciq.ai,https://www.linkedin.com/company/luciq
rebrand_source_row_9,rebranded_or_domain_changed,"Shoe Carnival, Inc.",shoecarnival.com,https://www.linkedin.com/company/shoe-carnival
rebrand_source_row_94,rebranded_or_domain_changed,Wellspring Family Office,wellspringfo.com,https://www.linkedin.com/company/wellspring-family-office
rebrand_source_row_96,rebranded_or_domain_changed,"Bed Bath & Beyond, Inc.",beyond.com,https://www.linkedin.com/company/bed-bath-and-beyond-bbbt
rebrand_source_row_97,rebranded_or_domain_changed,Strategy,strategy.com,https://www.linkedin.com/company/strategy
ww_0012a83c1e6cda9d73a22dbeaac47e8f,stable_large,Bradford Council,bradford.gov.uk,https://www.linkedin.com/company/bradford-council
ww_00f4c22a198d95f4f8eb1608ddf4c9ec,subsidiary,Romano Signs,romanosigns.co.za,https://www.linkedin.com/company/romano-signs
ww_01a4ebc5504ed829b7c7358b36ebef95,long_tail,Modernia,modernia.com.ar,https://www.linkedin.com/company/modernia
ww_037f16602eb7373091454e99f0c8da5c,long_tail,Care Onboard Home Healthcare Center,care-onboard.com,https://www.linkedin.com/company/care-onboard-home-healthcare-center
ww_03e062d9f92027490903f1d2a49da9b9,stable_large,Harcourts Real Estate,harcourts.net,https://www.linkedin.com/company/harcourts
ww_04503fa46b58adb0e50c421ed5249180,long_tail,AutocentroCapri,autocentrocapri.com,https://www.linkedin.com/company/autocentrocapri
ww_048ec01d04362c38ca9aad65258e5093,long_tail,Laoshi,laoshi.io,https://www.linkedin.com/company/laoshi
ww_06d07fac68a3b137e3cdf18e55d4061a,long_tail,Solidarity Wealth,solidaritywealth.com,https://www.linkedin.com/company/solidarity-wealth
ww_09a7ae5955da82295abd34ba63761291,stable_large,Rhode Island School of Design,risd.edu,https://www.linkedin.com/school/risd1877
ww_0a3fcddca63177e7b2fbac811f2413a3,subsidiary,BRD Sogelease,brdleasing.ro,https://www.linkedin.com/company/brd-sogelease
ww_0b444e668f2ebed85bfd5e2babd6d70e,stable_large,Deutsche Angestellten Akademie - DAA,daa.de,https://www.linkedin.com/company/deutsche-angestellten-akademie---daa
ww_0dd54372781ae14a129219c5566a9fcb,long_tail,REVEL Dance Convention,dancerevel.com,https://www.linkedin.com/company/revel-dance-convention
ww_0e4075da2a2527fdb67ab9469f626fc2,long_tail,Hospeco Brands Group,hospecobrands.com,https://www.linkedin.com/company/hospecobrands
ww_11ec7760151ba99608c124fc23a05b3a,stable_large,Cybage Software,cybage.com,https://www.linkedin.com/company/cybage
ww_11f314ac631b971bb63f9967b65278a1,stable_large,Prefeitura Municipal da Serra,serra.es.gov.br,https://www.linkedin.com/company/prefeituraserra
ww_11fda74849e1a70aea1b8c941dd63859,stable_large,PT Adaro Energy Indonesia Tbk,adaro.com,https://www.linkedin.com/company/adaroenergy
ww_12c26854bcd45f5946775c31a00f5062,subsidiary,NoBrokerHood,nobrokerhood.com,https://www.linkedin.com/company/nobrokerhood
ww_133ba05b352951272ee8b075ff836aed,subsidiary,ADVANCE.AI,advance.ai,https://www.linkedin.com/company/advanceai-aai
ww_136fd5494ff226ff5d6571170a1d9e3c,stable_large,L&T Construction,lntecc.com,https://www.linkedin.com/company/l-t-ecc
ww_152cc96f307286122fa26a5ee3c13e5a,long_tail,ALPFA USC Chapter,alpfausc.com,https://www.linkedin.com/company/alpfa-usc-chapter
ww_1567ea411b1b2726d3486d15a57a822f,stable_large,Virginia Tech,vt.edu,https://www.linkedin.com/school/virginia-tech
ww_157b7cb6a857384c73cb44f599016c7e,stable_large,Lunet,lunet.nl,https://www.linkedin.com/company/lunet
ww_15cc49b41290dbf4f0165f8c6d115233,long_tail,Mican Technologies Inc.,micantech.net,https://www.linkedin.com/company/mican-technologies
ww_17650bd2b86d755728a4bcf42a6c3f4c,long_tail,BERT Containers,bertcontainers.be,https://www.linkedin.com/company/bert-containers
ww_19aa455f36aea97e91b8aa760118d241,subsidiary,Shopurfood - Food Delivery Software,shopurfood.com,https://www.linkedin.com/company/shopurfood1
ww_1a1c3d25c9e4ab664c031e1628a8982c,subsidiary,Wescon Industries,wesconusa.com,https://www.linkedin.com/company/wescon
ww_1a2f30489fceb35bc993707dad1759cb,long_tail,Estudio Gamarra Abogados,gamarrafirma.com,https://www.linkedin.com/company/gamarraabogados
ww_1a461ff202a409d1e4ceb4597e935b07,stable_large,Solvo Global,solvoglobal.com,https://www.linkedin.com/company/solvo-global
ww_1a6f9289ebb892a7a31d02a44b8de6c5,stable_large,Etisalat Nigeria,etisalat.com.ng,https://www.linkedin.com/company/etisalat-nigeria
ww_1aa2e91b77ea85e1c8846c89ee6e874d,subsidiary,Primark,primark.com,https://www.linkedin.com/company/primark-stores-ltd
ww_1b9fd5e835e2b3d7d514724a7d87678c,subsidiary,Topvote,gettopvote.com,https://www.linkedin.com/company/topvote
ww_1e448844699d1b81c70ad05fe2967ede,long_tail,SWLA Economic Development Alliance & Chamber SWLA,allianceswla.org,https://www.linkedin.com/company/the-southwest-louisiana-economic-development-alliance
ww_1ee302306b931b2e96111b7e9f94a09a,long_tail,Apolo Consulting Group,apologrupo.com,https://www.linkedin.com/company/apolo-consulting-group
ww_21123b836fa2ca0959e8810e55974bf7,stable_large,Project HOPE,projecthope.org,https://www.linkedin.com/company/project-hope
ww_21672681d57b4e78b5c16e723a792e4a,subsidiary,The Clashify,theclashify.com,https://www.linkedin.com/company/theclashify
ww_22ab5b1f63f42acef1a8f90636b97761,subsidiary,Austrian Airlines,austrian.com,https://www.linkedin.com/company/austrian-airlines
ww_233e04d35d6a4bbfcbb99c6ffcb873dd,subsidiary,Quinyx,quinyx.com,https://www.linkedin.com/company/quinyx
ww_2345d47041ac7d9b90131135a29668c9,long_tail,GemKara,gemkara.com,https://www.linkedin.com/company/gemkara-com
ww_23e773c1e0d69f2513443fdb2de05c48,subsidiary,Techminds Learning Services,techmindsglobal.com,https://www.linkedin.com/company/techminds-learning-services
ww_243d5f6e89764f4e460ca0c31ac920a5,long_tail,CM Hammar AB,cmhammar.com,https://www.linkedin.com/company/cm-hammar
ww_26ebcc8da55c5cd86c36c98362866db7,subsidiary,"National Bank of Pakistan, Frankfurt am Main",nbpffm.de,https://www.linkedin.com/company/national-bank-of-pakistan-frankfurt-am-main
ww_27bca8f72578559ab9f1c3284ac4c11a,long_tail,Texas A&M University,tamu.edu,https://www.linkedin.com/school/texas-a&m-university
ww_29b78f44f94b1cf83c888ef8de96fae6,subsidiary,BNY,bny.com,https://www.linkedin.com/company/bnyglobal
ww_2b3d67b7d6eb86091b342fc32a73a80c,long_tail,"Allied Wholesale Electrical Supply, Inc.",awesi.com,https://www.linkedin.com/company/awesi
ww_2b5c0760b9beed96ad106617dedd44fa,stable_large,Tradimaq,tradimaq.com.br,https://www.linkedin.com/company/tradimaq
ww_2bf2d1bc76a170424ceffc95b2919cee,long_tail,Financial Design Group,fdgonline.com,https://www.linkedin.com/company/financial-design-group
ww_2c3bc1cec97df18a0c1030783613c35f,long_tail,eAgency,goeagency.com,https://www.linkedin.com/company/goeagency
ww_2c3ed841cc4f50e14ad08f67cbadadec,subsidiary,Bankin'​,bankin.com,https://www.linkedin.com/company/bankin
ww_2eaabe790df923e529ffd33a1afcd60c,subsidiary,University of Massachusetts Amherst,umass.edu,https://www.linkedin.com/school/umassamherst
ww_2ed0f8e1b7779fed4ffb357aff552cdb,stable_large,Association of All Pharmacists Cooperatives,tekb.org.tr,https://www.linkedin.com/company/tekb---t-m-eczac-kooperatifleri-birli-i
ww_2f60492ca384e6e297af03cd908ff95a,long_tail,Grupo Broda,grupobroda.com,https://www.linkedin.com/company/grupo-broda
ww_3158eb61373d63ee10b64285f351fdfa,stable_large,Universidad Central (CO),ucentral.edu.co,https://www.linkedin.com/school/universidad-central-colombia-
ww_31a5200241c910717cb32ef0939a4f0f,stable_large,Louis Philippe,louisphilippe.com,https://www.linkedin.com/company/louisphilippe
ww_320db40ce3ce99e0a654570cec133e04,long_tail,NHT Linhas Aéreas,voenht.com.br,https://www.linkedin.com/company/nht-linhas-a-reas
ww_32fcc8cfe1fa4c77b5c58dafd36d1a98,stable_large,CAS,cas.org,https://www.linkedin.com/company/cas
ww_34b79ddbbae1b7d0391d9caefa5d12f4,stable_large,ARRI,arri.com,https://www.linkedin.com/company/arri
ww_353d65641c421808b1ab7111cd886ff9,subsidiary,LH Mall & Hotel (LHMH),lhmh.co.th,https://www.linkedin.com/company/lhmh
ww_3725c379fb8e5707c981f64939a9982a,subsidiary,Danata Geo Travel,danatageotravel.com,https://www.linkedin.com/company/danata-geo-travel
ww_374a18640f2aa2ae77a1ca3557738ba6,subsidiary,Nicholson + Co,nicandco.nz,https://www.linkedin.com/company/nicandco
ww_37a70bfe6cb9b1af966d4664b1ad1e61,subsidiary,PANews,panewslab.com,https://www.linkedin.com/company/panews
ww_37e0eaaff0973a8ab20092edeacf2ff0,stable_large,Butte College,butte.edu,https://www.linkedin.com/school/buttecollege
ww_3815511cb8db0d28103b24ea2414a152,long_tail,Grupo Multifix,grupomultifix.com.br,https://www.linkedin.com/company/grupomultifix
ww_39c262467c88c220e0a45750f725a4a8,long_tail,Pulpo Negro,pulponegro.co.uk,https://www.linkedin.com/company/pulpo-negro
ww_3ab2f3acb81d3e18ec62f94951ea8390,long_tail,HIMGIRI PUBLIC SCHOOL,hpssamalkha.com,https://www.linkedin.com/company/himgiri-public-school
ww_3b9a098d733163842595082f2feae03c,subsidiary,Kickstarter,kickstarter.com,https://www.linkedin.com/company/kickstarter
ww_3c34ae6a89533052c6778f1d9bb4b317,stable_large,AmbujaNeotia Group,ambujaneotia.com,https://www.linkedin.com/company/ambuja-neotia-group
ww_3d0f0b9625784afe52904d9e2441d95f,long_tail,Hellenic Defence Systems S.A.,eas.gr,https://www.linkedin.com/company/hellenic-defence-systems-s.a.
ww_3da678392d5ac1ff456fe6e06354fdef,stable_large,IDEA Public Schools,ideapublicschools.org,https://www.linkedin.com/company/idea-public-schools
ww_3e716c9d59d061dbf9e37203f9ff221d,long_tail,Simplia Facility Solutions,simpliafacility.com,https://www.linkedin.com/company/simplia-facility-solutions
ww_41f42510b0adae3011fd7179ae206086,subsidiary,Jeulin,jeulin.com,https://www.linkedin.com/company/jeulin
ww_4236a3619615e6a340ce02461732b655,long_tail,Astor Hotel Motel,astorhotelalbury.com.au,https://www.linkedin.com/company/astor-hotel-motel
ww_43207fd5e34f87c48d584fc5c11befb8,stable_large,"McDermott International, Ltd",mcdermott.com,https://www.linkedin.com/company/mcdermott-international-inc-
ww_432bc07b920b9e25a83c780c7232c541,stable_large,UTC Engenharia,utc.com.br,https://www.linkedin.com/company/utc-engenharia
ww_4614b1f3a471f475f5857c052337e09e,long_tail,LBS International Conferences,lbsglobal.com,https://www.linkedin.com/company/lbs-international-conferences
ww_46232b608ec35d269f3db2c1e0e82cff,long_tail,Clear Lake Animal Hospital,vetinpalmbeach.com,https://www.linkedin.com/company/clear-lake-animal-hospital
ww_46c28c0331fc21f3223734d210374f72,stable_large,Bourbon Hotels & Resorts,bourbon.com.br,https://www.linkedin.com/company/bourbon-hospitalidade
ww_486e5cc203a284532db9b631a011a168,subsidiary,Tibber,tibber.com,https://www.linkedin.com/company/tibber
ww_4a0255b7923d21c88bdc4d9c22d8936c,long_tail,AVN TEAM Tunneling support,avnteam.com,https://www.linkedin.com/company/avn-team-tunneling-support
ww_4e6e3040e8851635294319dc95e93027,long_tail,Blue Line Futures,bluelinefutures.com,https://www.linkedin.com/company/blue-line-futures
ww_4f382d26d3852b5edf97966804b49c01,subsidiary,ClaimHit,claimhit.com,https://www.linkedin.com/company/claimhit
ww_507c3f62063e6f4771cfba78809f76a4,stable_large,EMCC FRANCE,emccfrance.org,https://www.linkedin.com/company/emccfrance
ww_51123cc7268f8de95508a0aae34ad577,stable_large,CSIRO,csiro.au,https://www.linkedin.com/company/csiro
ww_51e4e58ffb0218aa3348acb99c6de545,long_tail,Hose Guys,highpressurehose.com,https://www.linkedin.com/company/hose-guys
ww_5211e739d7db35206c586d5ff27f34cf,subsidiary,Velesium Labs,velesium.ai,https://www.linkedin.com/company/velesiumlabs
ww_526e25ebabe938b8322c06d253f918b0,subsidiary,Bridgestone Americas,bridgestoneamericas.com,https://www.linkedin.com/company/bridgestone
ww_5325dc48e755498686ad2e3a7dcde409,long_tail,P. D. Polychem Pvt Ltd,pdpolychem.com,https://www.linkedin.com/company/pdpolychem
ww_535b2362e64ff901a954bb280afb197e,stable_large,Beijing Jiaotong University,njtu.edu.cn,https://www.linkedin.com/school/beijing-jiaotong-university
ww_583e39f257439685a80189ee1df5e134,stable_large,Parc Sanitari Sant Joan de Deu,pssjd.org,https://www.linkedin.com/company/parc-sanitari-sant-joan-de-deu
ww_58ee2794cc87707943624dc8db2ff5a0,subsidiary,University of Connecticut,uconn.edu,https://www.linkedin.com/school/university-of-connecticut
ww_5ab3fa43bf1cdfe8f008a84737679ab0,long_tail,Appoquinimink School District,apposchooldistrict.com,https://www.linkedin.com/company/appoquinimink
ww_5cca48cb4250836e4203b69ee8a2c685,long_tail,Hitchcock ISD,hitchcockisd.org,https://www.linkedin.com/company/hitchcockisd
ww_5d25db42f4ecf28302c623a3ff618264,long_tail,ESEN International Movers,esenmoving.com.tr,https://www.linkedin.com/company/esen-international-movers
ww_5d97a7ef70f6c883d61c5201c3069882,stable_large,Tesco Technology,tesco-careers.com,https://www.linkedin.com/company/tesco-technology
ww_5e45ee43ad4c583428f4381f141c836d,subsidiary,RINA,rina.org,https://www.linkedin.com/company/rina
ww_5f34d0e6f248482868ba7b8ff25bd603,long_tail,U.Digital s.r.o.,udigital.sk,https://www.linkedin.com/company/u-digital-s-r-o
ww_61f0c4877ceb961e6ecab9bcd110a858,subsidiary,Telechat,telechat.com,https://www.linkedin.com/company/telechatapp
ww_6247e2816af2cfeaadb7304f3211baae,subsidiary,Pele Green Energy,pelegreenenergy.com,https://www.linkedin.com/company/pele-green-energy
ww_630c28168d48d0bf014d177b72c02978,stable_large,Bestway Wholesale,bestwaygroup.co.uk,https://www.linkedin.com/company/bestway-wholesale
ww_637d86f2fe56e90a9507a9c8457f1a42,stable_large,C.H. Guenther,chg.com,https://www.linkedin.com/company/c-h-guenther
ww_65e66f8c0afdb9b8229d9029cb3016af,long_tail,ALGUSA CONSTRUCTORA,algusaconstructora.com,https://www.linkedin.com/company/algusa-constructora
ww_675fd9f03c1db48ad5a3c500d945a73c,subsidiary,pladis Global,pladisglobal.com,https://www.linkedin.com/company/pladisglobal
ww_689629807e89478f1d6ec2002b7f82bc,subsidiary,Fashion for Good,fashionforgood.com,https://www.linkedin.com/company/fashionforgood
ww_6991895ecc56768f4e0f4b5266efac64,long_tail,ICU Technologies Inc.,icu-techinc.com,https://www.linkedin.com/company/icu-technologies-inc
ww_6b770f3b7c281868ec42c36703320eb2,subsidiary,Invest Northern Ireland,investni.com,https://www.linkedin.com/company/invest-northern-ireland
ww_6c12888121ec598c20897888e81aa659,long_tail,Upptic,upptic.com,https://www.linkedin.com/company/upptic
ww_6c782e066051527678b2d95fcf333d89,stable_large,Activos Colombia,activos.com.co,https://www.linkedin.com/company/activoscolombia
ww_6d24a5ca0921fea0b7048c85f25b932d,long_tail,Smart Built Environment,smartbuilt.se,https://www.linkedin.com/company/smart-built-environment
ww_6f28f4d866235f72702219514eef4e12,subsidiary,IAI - Israel Aerospace Industries,iai.co.il,https://www.linkedin.com/company/iai
ww_7096dca61db91fb5534429a147cf01ca,stable_large,Semir Group International,semirbiz.com,https://www.linkedin.com/company/semir-international
ww_71028d01d546b4bb60cbcb762fa7777c,long_tail,Heartworks IV,heartworksiv.com,https://www.linkedin.com/company/heartworksiv
ww_720e79c7f49c1042fdbd8d7657c098d6,stable_large,STS Aviation Group,stsaviationgroup.com,https://www.linkedin.com/company/sts-aviation-group
ww_72d8ba6e28731add68ca0712d415897d,long_tail,BraSolar,brasolar.pt,https://www.linkedin.com/company/brasolar
ww_72e42599f17490ec11eb465267fd8b65,subsidiary,RawStone Games,rawstone.net,https://www.linkedin.com/company/rawstonegames
ww_7412ae8dbd8c1bb976a375f5569187d3,stable_large,Heco - Healthcare Ecosystem,heco.health,https://www.linkedin.com/company/hospital
ww_7536e84e6ba35207c6f3b6e088cf8319,subsidiary,Jens S. Transmissioner AB,jens-s.se,https://www.linkedin.com/company/jens-s-transmissioner-ab
ww_77b8fdbb9f355bd628eefc2483ac6e44,subsidiary,CorePay,corepay.in,https://www.linkedin.com/company/corepay-in
ww_7aa3f3d18d9f041bbd5b25d79a68b07e,long_tail,Working Dog Productions,workingdog.com,https://www.linkedin.com/company/workingdogproductions
ww_7ab8678e1f3786db20b74478b3dcfaa8,subsidiary,Health Assistance,coopsalute.org,https://www.linkedin.com/company/healthassistance
ww_7c77080acc898d293b6d10277e161170,stable_large,PATERSON PUBLIC SCHOOLS,paterson.k12.nj.us,https://www.linkedin.com/company/paterson-public-schools
ww_7d6ef7159994fd58fffcea264aefb5db,subsidiary,The Wildcard Alliance,wildcardgame.com,https://www.linkedin.com/company/wildcard-alliance
ww_7da995c4475a937dfdd1dbc776850f36,stable_large,en world Japan K.K.,enworld.com,https://www.linkedin.com/company/en-world
ww_7ddf5941070a55a4fb82dfa052e44bff,subsidiary,Barclays Center,barclayscenter.com,https://www.linkedin.com/company/the-barclays-center
ww_7fa3ceee2137a442ef2acc5a716f50c3,long_tail,POMECHAIN,pomechain.com,https://www.linkedin.com/company/pomechain
ww_8004d637b6236202217be3dfcdd8ce59,stable_large,Orange Polska,orange.pl,https://www.linkedin.com/company/orangepolska
ww_8068d7635f7a7795f28eb3ad0633f538,subsidiary,CFNEWS,cfnews.net,https://www.linkedin.com/company/cfnews
ww_844c6d82a7a0fd3365c7dc5e496aa39b,subsidiary,RIDGID Tools,ridgid.com,https://www.linkedin.com/showcase/ridge-tool-company
ww_859268caa778a8c4c300af9df1739076,subsidiary,Jefe de Ventas Nacional Division Tour Operadores  Grupo Avoris,travelplan.es,https://www.linkedin.com/company/travelplan-globalia-
ww_85b179903512d9148c3b05be74b1f1e1,long_tail,Catalyst Services UK,catalystservicesuk.com,https://www.linkedin.com/company/catalystservicesuk
ww_867e9ab13f591b6da73a3c5ef92048d9,long_tail,REMAX Urbe II,vivirenvalencia.net,https://www.linkedin.com/company/remaxurbe2
ww_86b8935fbd47e2722904456718d148d6,stable_large,Nazarbayev University,nu.edu.kz,https://www.linkedin.com/school/aoe-nazarbayev-university
ww_8717c3c4893196eb0a4ab5f09e789e64,subsidiary,Agora Limited,agorasuperstores.com,https://www.linkedin.com/company/agoralimited
ww_87fa5fad29d583aa0986b12ceabc3df9,long_tail,CorrPak Group,corrpakgroup.com,https://www.linkedin.com/company/corrpak-group
ww_8928d9d198ec2dfc3961ce107b9695d8,subsidiary,PickMyWork,pickmywork.com,https://www.linkedin.com/company/pickmywork
ww_896d7ea6ffc0a80e9c3703fb35fd7a34,stable_large,Maisons familiales rurales (MFR),mfr.fr,https://www.linkedin.com/company/mfr-officiel
ww_8b1a493dacd40c3e95e0ff7cbc3a4311,subsidiary,Compass Venture Capital,compass.mu,https://www.linkedin.com/company/compass-venture-capital
ww_8b1fd5b0e2d353392e146617d3476b62,subsidiary,InSTEDD iLab Southeast Asia,ilabsoutheastasia.org,https://www.linkedin.com/company/instedd-ilab-southeast-asia
ww_8bbed0561fb3eaa614232d7a2214eaa0,stable_large,CSE,groupcse.com,https://www.linkedin.com/company/group-cse
ww_8d23698a945eceb8bf52b3f00072f524,stable_large,QROMA,qroma.com.pe,https://www.linkedin.com/company/qroma
ww_8eec2011b73da7968f5a41800c6c645c,long_tail,Message Matters,messagematters.co.uk,https://www.linkedin.com/company/message-matters-ltd
ww_8f1fd091cc48ed9cbc666ea885f31a93,stable_large,"IMA Financial Group, Inc.",imacorp.com,https://www.linkedin.com/company/ima-financial-group-inc
ww_912fba58607e905e25fbe5f75ebbb0ef,stable_large,PZU,pzu.pl,https://www.linkedin.com/company/pzu
ww_9145f9fce1b3d36b3cf02899b17298df,long_tail,ADM Interactive,adm.ee,https://www.linkedin.com/company/adm-interactive
ww_927d99cef5c78d08d546dd21268ec355,long_tail,IMOSS bureau voor stedebouw bv,imoss.nl,https://www.linkedin.com/company/imoss-bureau-voor-stedebouw-bv
ww_94ed6e8170e3e6bce2a5d0da2a408ccc,subsidiary,Gen X Diagnostics - India,genxdiagnostics.com,https://www.linkedin.com/company/gen-x-diagnostics---india
ww_9854e1a1f89ee9bcae85c716c75acb34,subsidiary,TouchPal,touchpal.com,https://www.linkedin.com/company/touchpal
ww_993908128d5f57a3b5c2bf30c66f03dc,long_tail,BIG MEGA Renewable Energy,bigmegare.com,https://www.linkedin.com/company/big-mega-renewable-energy
ww_99d4a02f5011c51b6084b311ebe72d89,subsidiary,Lease Link Canada Corp.,leaselink.ca,https://www.linkedin.com/company/lease-link-canada
ww_99e002fefb78253291bf83d335fd4da8,long_tail,Texzone Information Services Pvt. Ltd.,texzoneindia.com,https://www.linkedin.com/company/texzone-information-services-private-limited
ww_9a5f7131b46fd2bcfb6106cbcd4e84f3,long_tail,zandscarpets,zandscarpet.com,https://www.linkedin.com/company/zandscarpets
ww_9a8a2b75b7e0e44fbfb63657d9c04e51,subsidiary,Utility Warehouse,uw.co.uk,https://www.linkedin.com/company/utilitywarehouse
ww_9c8324a6a44a80413ab534b138925229,stable_large,Interac Corp.,interac.ca,https://www.linkedin.com/company/interac-corp
ww_9d0cec3f95d8950e74658af9825562ea,long_tail,Lift Education,lifteducation.com,https://www.linkedin.com/company/lift-education-nz
ww_9df981e28f837797e4cd2dc925b5ac4e,long_tail,"Kee Safety, Inc",keesafety.com,https://www.linkedin.com/company/keesafetyinc
ww_9eab5a76741e5945a56a37514566c011,subsidiary,Bergen Mekaniske AS,bergenmek.no,https://www.linkedin.com/company/bergen-mekaniske-as
ww_a0164cbfe882aa11e433a6b503cb62db,stable_large,Tan Tock Seng Hospital,ttsh.com.sg,https://www.linkedin.com/company/tan-tock-seng-hospital
ww_a17c66baf7ecfb46712b81a5d64dcf21,long_tail,Waterfront Group,waterfrontgrp.com,https://www.linkedin.com/company/waterfront-group
ww_a2a4a17454594bc08900365095fee3f2,stable_large,Meduca,meduca.cl,https://www.linkedin.com/company/meducachile
ww_a3ac404d23f05f13c5ccf04b14cfd4c2,subsidiary,Bytespath Global,bytespath.in,https://www.linkedin.com/company/bytespathglobal
ww_a42fbf9ed83f4dffaa4fa637c129e5e6,stable_large,Accounting & Finance Professionals,afprofessionals.com,https://www.linkedin.com/company/accounting-&-finance-professionals
ww_a4637ab273ac085c46a22f43cd9ece49,subsidiary,Digital Boost,digitalboost.org.uk,https://www.linkedin.com/company/digitalboost-org
ww_a49ff3e5cd3fb3d269b6edf8ccbca025,stable_large,Corporativo Overall,corporativooverall.com,https://www.linkedin.com/company/corporativo-overall
ww_a4b2a31e88e20111647133531938e993,long_tail,GHIA,ghia.com.mx,https://www.linkedin.com/company/ghia
ww_a723cdefc158eb32951f62beb287c4a6,subsidiary,Turner,turner.co.uk,https://www.linkedin.com/company/turner-&-co.-glasgow-limited.
ww_aa0afb1587aba489809274cb1d871666,long_tail,Maven,maven.co.nz,https://www.linkedin.com/company/maven-nz
ww_ae0b54daa2fb7633bf6349d1c642c328,stable_large,GEA,gea.it,https://www.linkedin.com/company/gea
ww_aea621c01e95cab0540d279d531bfff6,subsidiary,Youtap Indonesia,youtap.id,https://www.linkedin.com/company/youtap-indonesia
ww_aeb628bde170cc23573f0b2c50674e20,stable_large,Kawartha Pine Ridge District School Board,kprschools.ca,https://www.linkedin.com/company/kprdsb
ww_af10494427daf1cafadafb321c609911,subsidiary,Sports 1 Marketing,sports1marketing.com,https://www.linkedin.com/company/sports-1-marketing
ww_b04ccd57418c722ce17c92fd94e4e3a6,subsidiary,Nottingham Trent University,ntu.ac.uk,https://www.linkedin.com/school/nottingham-trent-university
ww_b0b907f3fa87e4c84830d96b5a49c055,stable_large,Focus Professional Russia,focusprofessional.ru,https://www.linkedin.com/company/focusprofessionalrussia
ww_b1e076df6775a6ed193f2563e8461655,long_tail,CINNCO,cinnco.co,https://www.linkedin.com/company/cinnco
ww_b4bfc4ebea88244c44ac63822b8907cb,subsidiary,ShamsValley,shamsvalley.com,https://www.linkedin.com/company/shamsvalley
ww_b5863195c72bfc4f244fead4fd93bfdf,subsidiary,REDA Chemicals,redachem.com,https://www.linkedin.com/company/redachem
ww_b58e9bbab88649a6144887d5ad155aa3,long_tail,TRANSMI EIRL,transmieirl.com.pe,https://www.linkedin.com/company/transmi-eirl
ww_b5f826c8c39505be6b882245d2683b56,stable_large,Blender,blender.org,https://www.linkedin.com/company/blender-org
ww_b861a9831c5104c06e9975c7e7aa877b,long_tail,BEZIERS HAD,beziers-had.fr,https://www.linkedin.com/company/beziers-had
ww_b9281cd9078ff2d736f7ab5188b3fde0,stable_large,Bam,bam.com.gt,https://www.linkedin.com/company/bam-gt
ww_ba078849b941510b0b6b20916df99738,subsidiary,Nasdaq Entrepreneurial Center,nasdaqcenter.org,https://www.linkedin.com/company/nasdaq-entrepreneurial-center
ww_ba4e2de519d7413925e8b8199cdcdd6a,long_tail,Lake Mohawk Country Club,lakemohawkcc.com,https://www.linkedin.com/company/lake-mohawk-country-club
ww_bbb6aa241d0eb3909b841880fbdce620,subsidiary,The Betts Group,bettsmetals.com,https://www.linkedin.com/company/thebettsgroup
ww_bc20331fd4628403d6db6d5700f58717,long_tail,Primio,primio.app,https://www.linkedin.com/company/primio-app
ww_bc309d75070be5d97724e8f9afa119d9,subsidiary,Envelopes.com,envelopes.com,https://www.linkedin.com/company/envelopes-com
ww_bc95108e4789e4b7e6f01e473027c976,long_tail,Cincinnati College Preparatory Academy,ccpalions.org,https://www.linkedin.com/school/ccpalionpride
ww_bca426ed7f6f2c51ba05caf7ed8ef22b,long_tail,Harvest International Schools TR,harvestschools.org,https://www.linkedin.com/company/harvestschoolstr
ww_bcdf6c502c01bd67e77d00f36b35b56f,stable_large,Forbes Marshall,forbesmarshall.com,https://www.linkedin.com/company/forbesmarshall
ww_bd36a6ad298702c9f911f78163dadd5d,stable_large,Jan De Nul Group,jandenul.com,https://www.linkedin.com/company/jan-de-nul
ww_bd7c09bbbd67e93511c55cece0bcd3ab,stable_large,Progressive,progressiverecruitment.com,https://www.linkedin.com/company/progressive-recruitment
ww_bf734e15bc860a6d25257c4aef8f593e,long_tail,PJM Investment Akademie GmbH,pjmueller.de,https://www.linkedin.com/school/pjm-investment-akademie-gmbh
ww_c1dad158473d599736ffe74624b615b1,stable_large,Korean Air,koreanair.com,https://www.linkedin.com/company/korean-air
ww_c30ef2e7822e8d57238813025b1431d4,long_tail,Researchers.me,researchers.me,https://www.linkedin.com/company/researchers-me
ww_c31fd6f286852be0f2a56aa0f7013105,stable_large,Lifetouch,lifetouch.com,https://www.linkedin.com/company/lifetouch
ww_c39080d5290573c0da8e39b6f65e4362,long_tail,Mad Squirrel Brewery,madsquirrelbrew.co.uk,https://www.linkedin.com/company/mad-squirrel
ww_c408b5d5ce9d86f6de26964da05749a6,stable_large,Mobile County Public School System,mcpss.com,https://www.linkedin.com/company/mobile-county-public-school-system
ww_c577c99f4d3fe0ba8f94844d3c7d588e,stable_large,Marfrig Global Foods,marfrig.com.br,https://www.linkedin.com/company/marfrig-global-foods
ww_c6cdf76db74acb676e2f4a320fe0a93f,long_tail,GiddyUp,giddyup.io,https://www.linkedin.com/company/the-giddyup-group
ww_c6dc59e0e8300a4b3b3b3ff329fb1868,stable_large,Damart,damart.fr,https://www.linkedin.com/company/damart
ww_c7d3dc1c0ef1dd2969fa1b4c9648b85d,stable_large,Ministère de la Défense,defense.gouv.fr,https://www.linkedin.com/company/ministere-des-armees
ww_cc1f23b2865a2d0fee80c33356daa76d,subsidiary,Randstad Innovation Fund,randstadinnovationfund.com,https://www.linkedin.com/company/randstad-innovation-fund
ww_cc3afd22f247d4e73591f9b628bd13df,long_tail,De Haagse Tandarts,dehaagsetandarts.nl,https://www.linkedin.com/company/de-haagse-tandarts
ww_cd3d95b5e8f83320f010930265f8d5ca,stable_large,Radio France Internationale,rfi.fr,https://www.linkedin.com/company/radio-france-internationale
ww_cd79759627eeb41ec0aa7f5ec9a3898f,subsidiary,Caesar,caesar.team,https://www.linkedin.com/company/caesar-app
ww_ce7831a074404d86972c595baeedfeee,long_tail,ZİM Engineering,zim.com.tr,https://www.linkedin.com/company/zimmuhendislik
ww_cf79ae6addba60ad018347359bd144d2,subsidiary,LähiTapiola,lahitapiola.fi,https://www.linkedin.com/company/l-hitapiola
ww_d027519051ee6d8cad6e48dace66bc2d,stable_large,Terumo Neuro,terumoneuro.com,https://www.linkedin.com/company/terumoneuro
ww_d06fae2f57f107089318b5bab330e172,stable_large,Einzelhandel,benatilla.com,https://www.linkedin.com/company/einzelhandel
ww_d0781cdd2edefab8811b6f1f7d570e42,long_tail,Sirva,sirva.com,https://www.linkedin.com/company/sirva
ww_d09c9e5eab0a61687ff48f362a241f86,stable_large,Xpressbees (BusyBees Logistics Solutions Pvt. Ltd.),xpressbees.com,https://www.linkedin.com/company/xpressbees
ww_d18f32c3cddc78ccc40d534f10e48f29,subsidiary,Ari10,ari10.com,https://www.linkedin.com/company/ari10-com
ww_d1a8c81d5bcbe531d2baa1ebfeecf52b,stable_large,Banco Mercantil Santa Cruz S.A.,bmsc.com.bo,https://www.linkedin.com/company/bancomercantilsantacruz
ww_d40f9e1e33b9a9ab05d6b941af5a6f63,long_tail,Blast Security,blast.security,https://www.linkedin.com/company/blast-security
ww_d4a93297083a23cc099f7bd6a8621131,stable_large,Danish Technological Institute,teknologisk.dk,https://www.linkedin.com/company/teknologiskinstitut
ww_d63fbf8c3173730f82b150c5ef38b8ff,subsidiary,The Home Depot,homedepot.com,https://www.linkedin.com/company/the-home-depot
ww_d7bc578046daf48ed2c1e6746ff68490,stable_large,Neosoft,neosoft.fr,https://www.linkedin.com/company/neosoft-
ww_d80190f31bf86f143dcd0ce9766990c6,subsidiary,Azerty de México,azerty.com.mx,https://www.linkedin.com/company/azerty-de-mexico
ww_d92dbeaf912a30561039420aa8560bc3,stable_large,Ismail Industries Limited,ismailindustries.com.pk,https://www.linkedin.com/company/ismailindustrieslimited
ww_da18bc4c4d886ea41fcaba372bdedade,subsidiary,AirFi,airfi.aero,https://www.linkedin.com/company/airfi
ww_da219be8afda052a8b51f31c438af377,subsidiary,SpacePharma,spacepharma.health,https://www.linkedin.com/company/spacepharma
ww_da660d361de5efcf46435c4327833251,long_tail,September Group LLC,septembergroupllc.com,https://www.linkedin.com/company/septembergroupllc
ww_dc0c5fdddb3a1f373a91da7ea6c2d732,long_tail,Noovo,noovolife.com,https://www.linkedin.com/company/noovovans
ww_dc0eed22bb626fd154463c19c7e0108b,stable_large,Lloydson,lloydson.com,https://www.linkedin.com/company/lloydson
ww_dfa93581b5c0c079a8b00d25161e1005,long_tail,Mobilite,mobilitepower.com,https://www.linkedin.com/company/mobilitepower
ww_dfd319c28b718755c6c7e700e21ce0f1,stable_large,Independent School District 196,district196.org,https://www.linkedin.com/company/district196
ww_e18231069588ddd3e35b0f36c4b16610,subsidiary,WhiskyInvestDirect,whiskyinvestdirect.com,https://www.linkedin.com/company/whiskyinvestdirect
ww_e2da886f376c017f6c0ab2bb73516dd8,long_tail,Seitz Industriebau GmbH & Co. KG,seitz-speicher.de,https://www.linkedin.com/company/seitz-industriebau
ww_e521943b58ff75715dd16dbb5e1e19fa,long_tail,Precision Fabricators,precision-fab.com,https://www.linkedin.com/company/precision-fabricators
ww_e552059ae74b3149786b486cd99144c6,subsidiary,DEV Capital,dev.capital,https://www.linkedin.com/company/devcapital
ww_e6c40156574939a44f787ba4cbb48ddb,long_tail,BigOmics Analytics,bigomics.ch,https://www.linkedin.com/company/bigomics-analytics
ww_e960e1cbb8fd54728026677aa7caf71c,long_tail,Action Utility Contractors Inc,actionutilitycontractors.com,https://www.linkedin.com/company/action-utility-contractors-inc
ww_eaa39182f0bc458b0e47b3fc3a08bb84,subsidiary,RETSCH,retsch.com,https://www.linkedin.com/company/retsch-gmbh
ww_eb98ec29ea29440204ac0412be1e2b1a,subsidiary,LinkLeads.vn,linkleads.vn,https://www.linkedin.com/company/linkleads-email-marketing
ww_ec0459b17645c8a95aab9faa6963918c,long_tail,Red Pepper Software,redpeppersoftware.com,https://www.linkedin.com/company/red-pepper-software
ww_ec1f2b4d9be6caf8a50533737cdda9f4,long_tail,Share Creators,sharecreators.com,https://www.linkedin.com/company/share-creators-inc
ww_ec487bdd221d18cee09a4091d097e7fe,long_tail,eAir LLC,eairllc.com,https://www.linkedin.com/company/eair-llc
ww_edf1893cb4803d1052ca4e5a70458ede,subsidiary,Cintra Payroll Services,cintrapayroll.co.uk,https://www.linkedin.com/company/trace-payroll-services-limited
ww_eef83da5f4bf1168b71baec76e8d17cb,stable_large,NJ TRANSIT,njtransit.com,https://www.linkedin.com/company/nj-transit
ww_efff4a474eca3081cb0831ece43b786a,long_tail,"ONG ""Pim Pam Pum""",pimpampum.fr,https://www.linkedin.com/company/ong-pim-pam-pum
ww_f04b823098403f7cb451732f35aab376,long_tail,Parma Trattoria & Mozzarella Bar,parmamozzarellabar.com,https://www.linkedin.com/company/parma-trattoria-&-mozzarella-bar
ww_f26214b3c2129316bfacb41b11f2a9a6,subsidiary,Tech Field Day,techfieldday.com,https://www.linkedin.com/company/tech-field-day
ww_f3bba9cfab80aea71926f5f5f5368ad4,stable_large,Style Textile,styletextile.com,https://www.linkedin.com/company/styletextile
ww_f3f169821867f3be0647ae198e0a304d,long_tail,Capstone Performance Training,capstoneperformancetraining.com,https://www.linkedin.com/company/capstoneperformancetraining
ww_f5720cd55ad50c8a41e270c1a250678e,long_tail,"Lightspeed Data Solutions, Inc.",lightspeedtdms.com,https://www.linkedin.com/company/lightspeed-data-solutions-inc.
ww_f5f3b8d720f34ebebceb7765e447268b,stable_large,"Orrick, Herrington & Sutcliffe LLP",orrick.com,https://www.linkedin.com/company/orrick
ww_f66920ce3326117a94d7225091a6af20,long_tail,Istituto Salesiano BVSL Bologna,salesianibologna.it,https://www.linkedin.com/company/istituto-salesiano-di-bologna
ww_f7104e89e89fc4b2922908a32e44ee60,subsidiary,Transworld Terminals Private Limited,transworld-terminals.com,https://www.linkedin.com/company/transworld-terminalsprivatelimited
ww_f80fc889c58f1719e12e34c62454221e,subsidiary,ORTHOSON Ltd,orthoson.com,https://www.linkedin.com/company/orthoson
ww_f9b554404f9d45536239799e23c7da8c,subsidiary,Neo Asset Management Pvt. Ltd.,neoassetmanagement.com,https://www.linkedin.com/company/neo-asset-mangagement
ww_fb580da97fdc843019c5d4609038612d,stable_large,SOS International,sos.eu,https://www.linkedin.com/company/sos-international
